customer_id,signup_date,plan_type,monthly_fee,acquisition_cost,churn_date
1001,2024-11-07,Basic,50,30,Null
1002,2024-06-06,Basic,50,30,Null
1003,2024-12-31,Basic,50,30,Null
1004,2024-11-21,Pro,200,100,Null
1005,2024-08-16,Pro,200,100,Null
1006,2024-11-10,Basic,50,30,Null
1007,2024-03-12,Enterprise,500,200,Null
1008,2024-11-09,Pro,200,100,Null
1009,2024-08-16,Pro,200,100,Null
1010,2025-04-07,Pro,200,100,Null
1011,2025-03-31,Basic,50,30,Null
1012,2025-02-24,Enterprise,500,200,Null
1013,2025-04-03,Pro,200,100,Null
1014,2025-03-22,Enterprise,500,200,Null
1015,2025-04-02,Pro,200,100,Null
1016,2024-08-02,Enterprise,500,200,Null
1017,2024-05-06,Pro,200,100,Null
1018,2024-03-31,Pro,200,100,Null
1019,2024-06-29,Basic,50,30,Null
1020,2024-10-13,Pro,200,100,2025-05-08
1021,2024-04-29,Pro,200,100,2024-06-21
1022,2024-03-22,Enterprise,500,200,Null
1023,2024-12-15,Basic,50,30,2025-06-23
1024,2024-10-22,Basic,50,30,Null
1025,2024-03-13,Enterprise,500,200,Null
1026,2025-03-27,Pro,200,100,2025-06-10
1027,2024-06-12,Pro,200,100,Null
1028,2025-01-13,Enterprise,500,200,Null
1029,2025-06-25,Enterprise,500,200,Null
1030,2024-11-18,Enterprise,500,200,Null
1031,2024-04-08,Pro,200,100,2024-12-14
1032,2025-02-04,Pro,200,100,Null
1033,2025-03-07,Basic,50,30,Null
1034,2024-04-06,Basic,50,30,2025-04-06
1035,2024-07-31,Basic,50,30,2025-05-02
1036,2024-05-07,Enterprise,500,200,Null
1037,2024-11-30,Pro,200,100,Null
1038,2024-01-28,Enterprise,500,200,Null
1039,2025-04-22,Basic,50,30,Null
1040,2024-05-16,Enterprise,500,200,Null
1041,2024-06-21,Pro,200,100,Null
1042,2024-04-18,Pro,200,100,2025-03-19
1043,2025-01-27,Enterprise,500,200,2025-03-11
1044,2025-02-28,Pro,200,100,Null
1045,2025-06-30,Pro,200,100,Null
1046,2024-09-18,Pro,200,100,Null
1047,2025-01-05,Basic,50,30,2025-04-20
1048,2024-08-25,Enterprise,500,200,Null
1049,2024-05-15,Pro,200,100,Null
1050,2024-06-30,Pro,200,100,Null
1051,2025-01-10,Pro,200,100,Null
1052,2024-05-03,Basic,50,30,Null
1053,2024-12-15,Enterprise,500,200,Null
1054,2024-03-09,Pro,200,100,Null
1055,2024-03-30,Enterprise,500,200,Null
1056,2024-10-12,Pro,200,100,2024-12-15
1057,2024-04-05,Basic,50,30,Null
1058,2025-06-03,Enterprise,500,200,Null
1059,2024-02-05,Enterprise,500,200,Null
1060,2025-03-31,Basic,50,30,2025-06-10
1061,2025-02-08,Basic,50,30,Null
1062,2025-05-13,Pro,200,100,2025-06-12
1063,2024-07-28,Pro,200,100,Null
1064,2025-05-02,Basic,50,30,Null
1065,2024-07-25,Enterprise,500,200,Null
1066,2024-12-10,Enterprise,500,200,Null
1067,2025-02-23,Enterprise,500,200,Null
1068,2024-03-05,Pro,200,100,Null
1069,2024-02-16,Enterprise,500,200,Null
1070,2024-01-10,Pro,200,100,Null
1071,2024-11-15,Enterprise,500,200,Null
1072,2025-02-24,Pro,200,100,Null
1073,2024-01-08,Enterprise,500,200,Null
1074,2024-08-09,Enterprise,500,200,2025-05-13
1075,2024-10-14,Enterprise,500,200,2025-06-25
1076,2024-12-26,Enterprise,500,200,Null
1077,2024-06-04,Basic,50,30,Null
1078,2024-09-21,Basic,50,30,Null
1079,2024-03-17,Basic,50,30,Null
1080,2024-02-22,Enterprise,500,200,Null
1081,2024-07-01,Basic,50,30,Null
1082,2025-03-20,Pro,200,100,Null
1083,2024-10-02,Pro,200,100,Null
1084,2024-01-02,Basic,50,30,Null
1085,2024-10-24,Basic,50,30,2025-05-21
1086,2024-01-29,Enterprise,500,200,Null
1087,2024-07-19,Enterprise,500,200,Null
1088,2025-01-13,Pro,200,100,Null
1089,2024-06-12,Basic,50,30,Null
1090,2024-11-19,Enterprise,500,200,Null
1091,2024-07-31,Pro,200,100,Null
1092,2024-05-22,Pro,200,100,Null
1093,2024-07-29,Pro,200,100,Null
1094,2024-12-31,Enterprise,500,200,Null
1095,2024-05-09,Enterprise,500,200,2024-08-11
1096,2025-06-10,Enterprise,500,200,Null
1097,2024-05-26,Enterprise,500,200,Null
1098,2025-01-02,Enterprise,500,200,Null
1099,2025-01-21,Enterprise,500,200,Null
1100,2024-05-20,Enterprise,500,200,Null
1101,2024-09-06,Enterprise,500,200,Null
1102,2025-06-25,Pro,200,100,Null
1103,2024-03-04,Basic,50,30,Null
1104,2024-03-07,Pro,200,100,Null
1105,2025-01-29,Basic,50,30,Null
1106,2024-07-25,Pro,200,100,Null
1107,2024-02-19,Pro,200,100,Null
1108,2024-11-19,Pro,200,100,Null
1109,2024-06-06,Pro,200,100,Null
1110,2024-11-28,Basic,50,30,Null
1111,2025-04-18,Pro,200,100,Null
1112,2024-03-12,Enterprise,500,200,Null
1113,2024-07-19,Basic,50,30,Null
1114,2024-01-29,Basic,50,30,Null
1115,2024-10-19,Enterprise,500,200,Null
1116,2025-05-19,Basic,50,30,Null
1117,2024-01-10,Pro,200,100,Null
1118,2024-11-03,Pro,200,100,Null
1119,2024-07-26,Enterprise,500,200,2025-04-22
1120,2024-08-19,Enterprise,500,200,2025-03-15
1121,2025-01-10,Enterprise,500,200,Null
1122,2025-05-17,Pro,200,100,Null
1123,2025-06-23,Basic,50,30,Null
1124,2024-09-06,Basic,50,30,Null
1125,2024-08-25,Enterprise,500,200,2025-01-21
1126,2024-12-08,Pro,200,100,Null
1127,2025-03-11,Basic,50,30,Null
1128,2024-01-22,Pro,200,100,Null
1129,2024-09-07,Basic,50,30,Null
1130,2025-04-08,Pro,200,100,Null
1131,2025-02-20,Pro,200,100,Null
1132,2024-11-07,Basic,50,30,2025-05-02
1133,2024-03-30,Pro,200,100,Null
1134,2024-02-15,Pro,200,100,Null
1135,2025-06-12,Basic,50,30,Null
1136,2025-03-04,Enterprise,500,200,Null
1137,2024-01-08,Basic,50,30,2024-02-07
1138,2024-06-30,Basic,50,30,Null
1139,2024-10-16,Enterprise,500,200,Null
1140,2025-01-09,Pro,200,100,Null
1141,2024-02-06,Basic,50,30,Null
1142,2024-12-06,Enterprise,500,200,Null
1143,2024-04-13,Pro,200,100,2025-01-27
1144,2025-06-06,Pro,200,100,Null
1145,2024-11-08,Basic,50,30,Null
1146,2024-06-19,Pro,200,100,Null
1147,2025-03-29,Pro,200,100,Null
1148,2025-05-11,Enterprise,500,200,Null
1149,2025-06-15,Pro,200,100,Null
1150,2025-03-14,Basic,50,30,Null
1151,2024-07-07,Enterprise,500,200,2025-04-24
1152,2024-11-24,Enterprise,500,200,Null
1153,2024-09-17,Basic,50,30,Null
1154,2025-06-26,Basic,50,30,2025-06-30
1155,2024-04-12,Basic,50,30,Null
1156,2024-12-18,Enterprise,500,200,Null
1157,2025-04-27,Enterprise,500,200,Null
1158,2024-06-19,Enterprise,500,200,Null
1159,2024-05-30,Enterprise,500,200,Null
1160,2025-04-27,Basic,50,30,Null
1161,2024-11-28,Pro,200,100,Null
1162,2025-05-16,Basic,50,30,Null
1163,2024-02-06,Enterprise,500,200,Null
1164,2024-09-23,Pro,200,100,Null
1165,2024-11-08,Basic,50,30,Null
1166,2025-04-14,Basic,50,30,Null
1167,2024-01-11,Enterprise,500,200,2025-01-21
1168,2025-03-22,Pro,200,100,Null
1169,2024-01-01,Enterprise,500,200,Null
1170,2024-02-18,Pro,200,100,Null
1171,2024-08-01,Enterprise,500,200,Null
1172,2024-10-12,Enterprise,500,200,Null
1173,2024-03-26,Basic,50,30,Null
1174,2025-04-13,Basic,50,30,Null
1175,2024-07-16,Enterprise,500,200,2024-09-13
1176,2024-02-11,Enterprise,500,200,Null
1177,2024-02-03,Basic,50,30,Null
1178,2025-01-30,Basic,50,30,2025-03-26
1179,2025-03-16,Enterprise,500,200,Null
1180,2024-04-21,Pro,200,100,Null
1181,2024-01-09,Basic,50,30,2024-06-03
1182,2024-12-31,Enterprise,500,200,Null
1183,2025-06-16,Pro,200,100,Null
1184,2024-11-24,Basic,50,30,Null
1185,2024-12-11,Pro,200,100,2025-06-27
1186,2025-05-18,Pro,200,100,Null
1187,2024-03-22,Enterprise,500,200,Null
1188,2024-07-04,Pro,200,100,2024-09-04
1189,2024-10-04,Pro,200,100,Null
1190,2025-01-30,Enterprise,500,200,Null
1191,2025-04-05,Pro,200,100,Null
1192,2025-05-16,Basic,50,30,Null
1193,2024-01-24,Pro,200,100,2025-03-28
1194,2025-03-23,Pro,200,100,Null
1195,2024-08-23,Enterprise,500,200,Null
1196,2024-03-01,Enterprise,500,200,Null
1197,2025-03-08,Basic,50,30,2025-06-23
1198,2024-08-02,Pro,200,100,Null
1199,2024-11-16,Basic,50,30,Null
1200,2024-03-25,Pro,200,100,2025-06-17
1201,2025-02-15,Pro,200,100,Null
1202,2024-03-28,Enterprise,500,200,Null
1203,2024-06-26,Pro,200,100,Null
1204,2024-01-05,Enterprise,500,200,Null
1205,2025-06-26,Pro,200,100,Null
1206,2025-06-07,Pro,200,100,Null
1207,2025-02-07,Basic,50,30,Null
1208,2025-04-18,Pro,200,100,Null
1209,2024-01-07,Basic,50,30,Null
1210,2024-08-09,Enterprise,500,200,2025-03-08
1211,2025-03-20,Pro,200,100,Null
1212,2025-04-27,Basic,50,30,Null
1213,2024-09-05,Enterprise,500,200,Null
1214,2024-03-25,Enterprise,500,200,2024-11-28
1215,2024-03-08,Enterprise,500,200,Null
1216,2024-10-28,Basic,50,30,Null
1217,2025-02-23,Basic,50,30,Null
1218,2024-05-03,Basic,50,30,Null
1219,2024-10-28,Pro,200,100,Null
1220,2024-03-29,Basic,50,30,2024-11-05
1221,2025-05-05,Enterprise,500,200,Null
1222,2024-02-09,Pro,200,100,2025-04-01
1223,2025-02-28,Enterprise,500,200,2025-05-23
1224,2024-11-19,Pro,200,100,Null
1225,2025-06-04,Enterprise,500,200,2025-06-30
1226,2024-10-06,Basic,50,30,2025-03-18
1227,2025-03-06,Enterprise,500,200,Null
1228,2024-07-03,Enterprise,500,200,Null
1229,2025-01-30,Enterprise,500,200,2025-05-13
1230,2025-01-07,Enterprise,500,200,Null
1231,2024-02-05,Pro,200,100,Null
1232,2025-04-19,Enterprise,500,200,Null
1233,2024-11-23,Pro,200,100,Null
1234,2024-10-21,Basic,50,30,2025-02-26
1235,2025-02-24,Enterprise,500,200,2025-03-31
1236,2025-04-05,Basic,50,30,Null
1237,2024-11-22,Enterprise,500,200,Null
1238,2025-04-24,Pro,200,100,Null
1239,2024-05-21,Pro,200,100,2025-05-28
1240,2025-05-13,Enterprise,500,200,Null
1241,2024-09-06,Pro,200,100,2025-03-16
1242,2025-03-09,Basic,50,30,2025-06-19
1243,2024-05-16,Basic,50,30,Null
1244,2024-04-22,Enterprise,500,200,Null
1245,2025-03-26,Basic,50,30,Null
1246,2025-05-30,Enterprise,500,200,Null
1247,2024-05-28,Pro,200,100,2024-08-21
1248,2025-05-29,Enterprise,500,200,Null
1249,2024-06-06,Enterprise,500,200,Null
1250,2024-10-12,Pro,200,100,Null
1251,2025-03-02,Basic,50,30,Null
1252,2024-02-21,Basic,50,30,Null
1253,2024-12-09,Pro,200,100,Null
1254,2024-04-15,Enterprise,500,200,Null
1255,2024-01-29,Pro,200,100,Null
1256,2025-02-14,Basic,50,30,Null
1257,2024-03-28,Enterprise,500,200,2024-06-20
1258,2024-02-26,Pro,200,100,Null
1259,2024-05-10,Basic,50,30,Null
1260,2025-06-19,Pro,200,100,Null
1261,2025-05-06,Pro,200,100,Null
1262,2025-05-07,Enterprise,500,200,Null
1263,2025-01-12,Basic,50,30,2025-06-20
1264,2024-12-13,Pro,200,100,Null
1265,2024-03-18,Basic,50,30,2024-06-23
1266,2024-04-01,Enterprise,500,200,Null
1267,2024-05-27,Enterprise,500,200,Null
1268,2024-05-22,Enterprise,500,200,2025-06-05
1269,2025-01-28,Pro,200,100,Null
1270,2025-05-03,Enterprise,500,200,Null
1271,2024-11-23,Pro,200,100,Null
1272,2025-04-09,Basic,50,30,Null
1273,2024-10-24,Pro,200,100,2025-05-17
1274,2025-01-12,Pro,200,100,Null
1275,2024-11-05,Enterprise,500,200,Null
1276,2025-02-13,Pro,200,100,2025-04-07
1277,2025-06-23,Enterprise,500,200,2025-06-30
1278,2025-04-23,Enterprise,500,200,2025-06-05
1279,2024-09-09,Enterprise,500,200,Null
1280,2025-04-28,Basic,50,30,Null
1281,2024-06-22,Basic,50,30,Null
1282,2024-03-24,Pro,200,100,2025-06-24
1283,2024-05-10,Enterprise,500,200,Null
1284,2025-03-10,Basic,50,30,Null
1285,2025-05-15,Enterprise,500,200,Null
1286,2024-08-23,Enterprise,500,200,Null
1287,2025-02-23,Basic,50,30,2025-04-26
1288,2024-09-22,Pro,200,100,Null
1289,2024-08-02,Enterprise,500,200,Null
1290,2024-09-06,Pro,200,100,Null
1291,2024-07-13,Basic,50,30,2024-08-31
1292,2024-04-02,Basic,50,30,2024-07-25
1293,2025-01-29,Basic,50,30,Null
1294,2024-03-25,Enterprise,500,200,2025-05-26
1295,2025-04-08,Pro,200,100,Null
1296,2025-06-06,Basic,50,30,Null
1297,2024-01-09,Basic,50,30,Null
1298,2024-12-24,Pro,200,100,Null
1299,2025-04-27,Enterprise,500,200,Null
1300,2024-02-14,Enterprise,500,200,Null
1301,2025-02-04,Basic,50,30,Null
1302,2025-01-01,Pro,200,100,Null
1303,2024-12-07,Enterprise,500,200,Null
1304,2025-03-08,Basic,50,30,Null
1305,2024-04-12,Basic,50,30,Null
1306,2025-05-20,Pro,200,100,Null
1307,2025-03-26,Enterprise,500,200,Null
1308,2024-05-18,Basic,50,30,2025-04-02
1309,2024-08-28,Basic,50,30,2024-11-02
1310,2024-08-05,Basic,50,30,Null
1311,2024-09-07,Basic,50,30,Null
1312,2024-11-23,Basic,50,30,2025-03-18
1313,2024-02-01,Enterprise,500,200,2025-02-24
1314,2024-04-10,Pro,200,100,Null
1315,2024-06-26,Basic,50,30,Null
1316,2024-03-19,Enterprise,500,200,Null
1317,2024-11-15,Enterprise,500,200,Null
1318,2024-09-28,Enterprise,500,200,Null
1319,2024-03-09,Basic,50,30,Null
1320,2024-07-10,Enterprise,500,200,Null
1321,2024-08-10,Enterprise,500,200,Null
1322,2024-05-28,Enterprise,500,200,Null
1323,2024-04-22,Pro,200,100,Null
1324,2024-07-11,Enterprise,500,200,Null
1325,2024-10-08,Basic,50,30,Null
1326,2025-04-07,Enterprise,500,200,Null
1327,2024-12-15,Enterprise,500,200,Null
1328,2025-06-17,Enterprise,500,200,Null
1329,2025-02-19,Enterprise,500,200,Null
1330,2025-05-05,Enterprise,500,200,Null
1331,2025-03-29,Pro,200,100,Null
1332,2025-01-21,Pro,200,100,2025-04-14
1333,2024-10-30,Enterprise,500,200,Null
1334,2024-08-13,Enterprise,500,200,Null
1335,2025-04-07,Pro,200,100,Null
1336,2024-11-21,Enterprise,500,200,Null
1337,2024-08-20,Basic,50,30,2024-12-12
1338,2025-01-18,Basic,50,30,Null
1339,2024-02-27,Basic,50,30,Null
1340,2024-09-30,Basic,50,30,Null
1341,2024-08-21,Basic,50,30,Null
1342,2024-11-30,Basic,50,30,Null
1343,2024-04-28,Pro,200,100,Null
1344,2025-01-17,Enterprise,500,200,Null
1345,2024-08-15,Enterprise,500,200,Null
1346,2024-03-22,Pro,200,100,2024-07-02
1347,2024-11-13,Basic,50,30,2025-04-20
1348,2025-06-25,Enterprise,500,200,Null
1349,2024-05-01,Pro,200,100,Null
1350,2024-11-16,Pro,200,100,Null
1351,2024-09-01,Enterprise,500,200,Null
1352,2024-02-21,Enterprise,500,200,2024-10-26
1353,2024-07-29,Enterprise,500,200,Null
1354,2024-07-05,Enterprise,500,200,Null
1355,2024-12-04,Enterprise,500,200,2025-03-04
1356,2024-12-28,Pro,200,100,Null
1357,2025-03-08,Enterprise,500,200,Null
1358,2024-06-16,Enterprise,500,200,2025-03-22
1359,2025-04-24,Basic,50,30,2025-06-25
1360,2024-01-23,Basic,50,30,Null
1361,2025-06-28,Enterprise,500,200,Null
1362,2025-05-07,Enterprise,500,200,Null
1363,2024-04-06,Pro,200,100,Null
1364,2025-06-26,Basic,50,30,Null
1365,2025-04-03,Pro,200,100,Null
1366,2024-02-29,Basic,50,30,Null
1367,2025-01-14,Pro,200,100,Null
1368,2024-12-10,Basic,50,30,Null
1369,2024-08-22,Pro,200,100,Null
1370,2024-11-14,Pro,200,100,Null
1371,2024-06-01,Enterprise,500,200,Null
1372,2025-05-29,Basic,50,30,Null
1373,2024-02-08,Enterprise,500,200,Null
1374,2024-10-24,Basic,50,30,Null
1375,2024-06-21,Basic,50,30,Null
1376,2024-12-01,Enterprise,500,200,Null
1377,2025-03-07,Enterprise,500,200,Null
1378,2025-05-15,Pro,200,100,Null
1379,2024-09-05,Basic,50,30,2025-02-11
1380,2024-03-30,Pro,200,100,2025-05-28
1381,2025-05-05,Basic,50,30,Null
1382,2025-04-08,Pro,200,100,2025-05-14
1383,2024-05-15,Basic,50,30,Null
1384,2024-12-29,Basic,50,30,Null
1385,2024-02-09,Basic,50,30,Null
1386,2024-04-07,Enterprise,500,200,2024-10-15
1387,2024-05-26,Enterprise,500,200,Null
1388,2024-04-19,Basic,50,30,Null
1389,2024-06-02,Basic,50,30,Null
1390,2025-03-22,Pro,200,100,Null
1391,2025-01-22,Pro,200,100,Null
1392,2024-12-20,Pro,200,100,Null
1393,2024-09-13,Enterprise,500,200,2025-04-28
1394,2024-02-01,Basic,50,30,Null
1395,2024-03-21,Enterprise,500,200,Null
1396,2024-07-08,Enterprise,500,200,Null
1397,2024-05-16,Basic,50,30,2025-04-23
1398,2024-03-10,Pro,200,100,Null
1399,2024-08-23,Pro,200,100,Null
1400,2024-11-08,Enterprise,500,200,Null
1401,2025-01-14,Enterprise,500,200,2025-05-23
1402,2025-04-26,Basic,50,30,Null
1403,2025-03-05,Pro,200,100,2025-04-23
1404,2025-04-29,Basic,50,30,2025-06-01
1405,2025-02-06,Enterprise,500,200,Null
1406,2025-02-08,Basic,50,30,Null
1407,2024-11-07,Enterprise,500,200,Null
1408,2024-02-13,Pro,200,100,Null
1409,2025-03-30,Basic,50,30,Null
1410,2025-06-26,Pro,200,100,Null
1411,2024-10-29,Pro,200,100,Null
1412,2025-05-26,Pro,200,100,Null
1413,2024-02-28,Pro,200,100,Null
1414,2025-02-28,Enterprise,500,200,2025-06-21
1415,2025-02-27,Basic,50,30,Null
1416,2024-02-02,Pro,200,100,Null
1417,2024-11-04,Pro,200,100,Null
1418,2025-05-01,Pro,200,100,Null
1419,2025-01-31,Pro,200,100,2025-03-31
1420,2024-10-07,Basic,50,30,Null
1421,2024-01-01,Enterprise,500,200,Null
1422,2024-12-09,Enterprise,500,200,Null
1423,2024-07-13,Basic,50,30,Null
1424,2025-04-27,Enterprise,500,200,2025-06-10
1425,2024-08-23,Enterprise,500,200,Null
1426,2024-02-03,Enterprise,500,200,Null
1427,2024-05-07,Pro,200,100,Null
1428,2024-06-13,Enterprise,500,200,2025-02-24
1429,2024-02-06,Basic,50,30,Null
1430,2024-10-03,Basic,50,30,Null
1431,2024-09-26,Pro,200,100,Null
1432,2024-07-25,Pro,200,100,Null
1433,2025-05-25,Pro,200,100,Null
1434,2024-10-27,Pro,200,100,Null
1435,2024-09-28,Pro,200,100,Null
1436,2024-12-25,Enterprise,500,200,Null
1437,2024-03-27,Basic,50,30,Null
1438,2025-03-28,Pro,200,100,2025-05-24
1439,2024-01-31,Enterprise,500,200,Null
1440,2024-06-19,Enterprise,500,200,Null
1441,2024-01-30,Pro,200,100,Null
1442,2025-01-29,Basic,50,30,2025-04-08
1443,2025-02-08,Enterprise,500,200,2025-06-11
1444,2025-04-16,Basic,50,30,Null
1445,2025-01-06,Pro,200,100,Null
1446,2025-05-02,Pro,200,100,Null
1447,2025-04-26,Pro,200,100,Null
1448,2024-06-30,Pro,200,100,2024-09-05
1449,2024-05-06,Enterprise,500,200,Null
1450,2024-03-21,Basic,50,30,2025-04-27
1451,2025-05-30,Basic,50,30,Null
1452,2024-12-15,Pro,200,100,Null
1453,2025-04-24,Enterprise,500,200,2025-06-16
1454,2024-02-22,Enterprise,500,200,Null
1455,2024-11-18,Enterprise,500,200,Null
1456,2024-08-19,Enterprise,500,200,Null
1457,2025-01-30,Enterprise,500,200,2025-06-03
1458,2024-06-25,Enterprise,500,200,Null
1459,2024-08-10,Basic,50,30,Null
1460,2024-03-07,Basic,50,30,Null
1461,2025-05-14,Enterprise,500,200,Null
1462,2024-03-31,Pro,200,100,Null
1463,2024-08-18,Pro,200,100,Null
1464,2024-09-09,Basic,50,30,Null
1465,2024-09-08,Basic,50,30,2024-11-28
1466,2024-06-26,Basic,50,30,Null
1467,2024-10-31,Pro,200,100,Null
1468,2025-04-03,Enterprise,500,200,Null
1469,2024-10-25,Basic,50,30,Null
1470,2024-12-23,Enterprise,500,200,Null
1471,2024-01-19,Pro,200,100,2024-05-26
1472,2024-07-06,Pro,200,100,Null
1473,2024-03-22,Basic,50,30,Null
1474,2024-12-23,Basic,50,30,Null
1475,2024-08-19,Pro,200,100,2025-03-27
1476,2024-04-04,Pro,200,100,Null
1477,2024-10-30,Pro,200,100,Null
1478,2024-03-17,Pro,200,100,2024-10-12
1479,2024-04-29,Basic,50,30,Null
1480,2025-04-03,Enterprise,500,200,Null
1481,2025-05-15,Enterprise,500,200,Null
1482,2024-11-05,Basic,50,30,Null
1483,2024-12-20,Pro,200,100,Null
1484,2025-04-01,Basic,50,30,Null
1485,2024-02-05,Pro,200,100,Null
1486,2024-09-03,Pro,200,100,Null
1487,2024-04-29,Pro,200,100,Null
1488,2024-01-09,Enterprise,500,200,Null
1489,2024-06-15,Pro,200,100,Null
1490,2024-05-24,Pro,200,100,Null
1491,2024-06-29,Pro,200,100,Null
1492,2024-04-06,Pro,200,100,Null
1493,2025-05-12,Enterprise,500,200,Null
1494,2024-12-19,Enterprise,500,200,Null
1495,2024-08-20,Basic,50,30,Null
1496,2024-02-06,Basic,50,30,Null
1497,2024-04-24,Basic,50,30,Null
1498,2025-02-09,Pro,200,100,Null
1499,2025-04-18,Enterprise,500,200,Null
1500,2024-01-26,Basic,50,30,Null
1501,2025-03-13,Enterprise,500,200,2025-05-19
1502,2025-05-07,Basic,50,30,Null
1503,2024-09-05,Basic,50,30,Null
1504,2024-05-07,Pro,200,100,Null
1505,2025-01-06,Pro,200,100,Null
1506,2024-08-18,Basic,50,30,Null
1507,2024-10-12,Enterprise,500,200,Null
1508,2024-10-09,Pro,200,100,Null
1509,2024-10-08,Enterprise,500,200,Null
1510,2024-01-09,Enterprise,500,200,2024-11-20
1511,2024-03-21,Pro,200,100,Null
1512,2024-05-05,Pro,200,100,Null
1513,2024-07-11,Pro,200,100,Null
1514,2025-03-31,Pro,200,100,Null
1515,2025-04-03,Enterprise,500,200,Null
1516,2024-12-24,Enterprise,500,200,Null
1517,2024-03-12,Basic,50,30,Null
1518,2024-03-03,Basic,50,30,Null
1519,2024-02-15,Enterprise,500,200,2025-06-03
1520,2024-05-01,Basic,50,30,Null
1521,2024-10-30,Pro,200,100,Null
1522,2024-05-09,Pro,200,100,Null
1523,2024-11-09,Pro,200,100,Null
1524,2024-12-02,Pro,200,100,Null
1525,2025-02-25,Enterprise,500,200,2025-05-13
1526,2025-02-12,Enterprise,500,200,Null
1527,2024-04-25,Pro,200,100,Null
1528,2025-05-14,Pro,200,100,Null
1529,2025-02-22,Pro,200,100,Null
1530,2025-05-27,Basic,50,30,Null
1531,2025-04-29,Enterprise,500,200,Null
1532,2024-04-02,Enterprise,500,200,Null
1533,2025-06-13,Pro,200,100,Null
1534,2024-09-24,Enterprise,500,200,Null
1535,2024-10-10,Pro,200,100,Null
1536,2024-09-05,Pro,200,100,Null
1537,2025-06-27,Enterprise,500,200,Null
1538,2024-08-26,Pro,200,100,Null
1539,2025-03-11,Pro,200,100,Null
1540,2024-10-16,Pro,200,100,Null
1541,2024-11-25,Pro,200,100,Null
1542,2024-06-16,Basic,50,30,Null
1543,2024-02-12,Enterprise,500,200,Null
1544,2024-11-02,Pro,200,100,2025-04-28
1545,2024-11-16,Basic,50,30,Null
1546,2025-05-27,Pro,200,100,Null
1547,2024-07-15,Enterprise,500,200,Null
1548,2024-01-01,Basic,50,30,Null
1549,2024-04-24,Pro,200,100,Null
1550,2024-01-05,Basic,50,30,Null
1551,2024-02-24,Basic,50,30,Null
1552,2024-07-08,Enterprise,500,200,2025-03-12
1553,2024-01-17,Enterprise,500,200,Null
1554,2024-09-22,Pro,200,100,Null
1555,2025-03-29,Enterprise,500,200,Null
1556,2025-04-11,Enterprise,500,200,Null
1557,2025-03-12,Enterprise,500,200,2025-05-06
1558,2024-02-23,Enterprise,500,200,2024-04-14
1559,2025-01-30,Pro,200,100,Null
1560,2025-02-23,Pro,200,100,Null
1561,2024-02-02,Enterprise,500,200,Null
1562,2024-06-09,Enterprise,500,200,Null
1563,2024-06-03,Basic,50,30,Null
1564,2025-06-24,Enterprise,500,200,Null
1565,2024-03-30,Pro,200,100,2024-06-02
1566,2024-06-02,Basic,50,30,Null
1567,2025-05-09,Enterprise,500,200,Null
1568,2024-10-18,Basic,50,30,Null
1569,2025-02-01,Basic,50,30,Null
1570,2024-02-11,Enterprise,500,200,2025-03-17
1571,2025-01-04,Enterprise,500,200,Null
1572,2025-02-07,Pro,200,100,Null
1573,2024-07-07,Enterprise,500,200,Null
1574,2024-10-17,Enterprise,500,200,Null
1575,2024-07-06,Enterprise,500,200,Null
1576,2024-06-22,Pro,200,100,2025-03-31
1577,2025-04-22,Basic,50,30,Null
1578,2024-12-01,Basic,50,30,Null
1579,2025-02-19,Basic,50,30,2025-05-13
1580,2024-05-27,Pro,200,100,Null
1581,2025-03-16,Basic,50,30,Null
1582,2025-05-02,Enterprise,500,200,Null
1583,2025-05-21,Basic,50,30,Null
1584,2025-04-08,Enterprise,500,200,Null
1585,2025-02-10,Pro,200,100,Null
1586,2025-02-03,Pro,200,100,2025-06-30
1587,2025-03-29,Pro,200,100,Null
1588,2024-05-18,Basic,50,30,Null
1589,2024-12-28,Enterprise,500,200,Null
1590,2024-11-05,Enterprise,500,200,Null
1591,2024-11-28,Enterprise,500,200,Null
1592,2024-03-29,Pro,200,100,Null
1593,2025-05-02,Basic,50,30,2025-06-01
1594,2024-08-05,Pro,200,100,Null
1595,2024-05-13,Pro,200,100,2024-08-20
1596,2024-08-10,Pro,200,100,Null
1597,2024-12-04,Basic,50,30,Null
1598,2024-04-23,Basic,50,30,Null
1599,2024-06-01,Pro,200,100,2025-02-21
1600,2025-05-31,Enterprise,500,200,Null
1601,2025-02-19,Pro,200,100,Null
1602,2025-06-01,Basic,50,30,2025-06-30
1603,2024-12-22,Enterprise,500,200,Null
1604,2024-01-18,Enterprise,500,200,Null
1605,2024-04-03,Pro,200,100,Null
1606,2025-02-12,Basic,50,30,Null
1607,2025-03-01,Pro,200,100,2025-05-01
1608,2025-04-23,Enterprise,500,200,Null
1609,2024-02-15,Basic,50,30,Null
1610,2025-05-24,Enterprise,500,200,Null
1611,2024-11-25,Pro,200,100,Null
1612,2025-02-20,Pro,200,100,Null
1613,2024-01-06,Enterprise,500,200,Null
1614,2025-01-11,Pro,200,100,Null
1615,2024-04-22,Pro,200,100,Null
1616,2024-04-02,Enterprise,500,200,2025-03-28
1617,2024-01-25,Basic,50,30,2025-03-12
1618,2025-02-24,Basic,50,30,Null
1619,2025-05-13,Enterprise,500,200,Null
1620,2024-12-21,Pro,200,100,Null
1621,2024-04-14,Basic,50,30,Null
1622,2024-02-24,Enterprise,500,200,Null
1623,2025-05-15,Enterprise,500,200,Null
1624,2024-07-27,Enterprise,500,200,2024-09-19
1625,2024-01-07,Basic,50,30,Null
1626,2024-05-30,Basic,50,30,Null
1627,2024-08-26,Enterprise,500,200,Null
1628,2024-10-14,Basic,50,30,Null
1629,2024-11-21,Pro,200,100,2025-04-21
1630,2024-01-30,Basic,50,30,Null
1631,2025-02-08,Enterprise,500,200,Null
1632,2024-11-19,Pro,200,100,Null
1633,2024-02-16,Enterprise,500,200,Null
1634,2024-08-11,Enterprise,500,200,Null
1635,2024-01-30,Enterprise,500,200,Null
1636,2024-08-11,Enterprise,500,200,Null
1637,2025-05-21,Enterprise,500,200,Null
1638,2025-03-23,Pro,200,100,Null
1639,2024-09-06,Pro,200,100,Null
1640,2024-11-28,Basic,50,30,Null
1641,2024-07-25,Basic,50,30,Null
1642,2025-01-18,Enterprise,500,200,Null
1643,2024-06-24,Basic,50,30,Null
1644,2024-11-07,Enterprise,500,200,Null
1645,2025-02-20,Basic,50,30,Null
1646,2025-03-14,Enterprise,500,200,Null
1647,2024-12-11,Basic,50,30,Null
1648,2025-04-16,Basic,50,30,Null
1649,2025-06-14,Pro,200,100,Null
1650,2025-04-09,Pro,200,100,Null
1651,2025-06-02,Enterprise,500,200,Null
1652,2024-06-30,Basic,50,30,Null
1653,2024-04-23,Pro,200,100,Null
1654,2025-03-02,Basic,50,30,Null
1655,2025-01-20,Basic,50,30,Null
1656,2024-10-01,Pro,200,100,2025-01-15
1657,2024-12-14,Basic,50,30,Null
1658,2024-12-21,Enterprise,500,200,Null
1659,2024-06-20,Pro,200,100,Null
1660,2024-03-11,Enterprise,500,200,Null
1661,2024-03-22,Basic,50,30,Null
1662,2025-06-28,Pro,200,100,Null
1663,2024-07-20,Basic,50,30,Null
1664,2024-01-23,Enterprise,500,200,Null
1665,2024-08-20,Enterprise,500,200,Null
1666,2025-05-08,Basic,50,30,Null
1667,2025-01-03,Basic,50,30,Null
1668,2024-12-18,Enterprise,500,200,Null
1669,2024-04-17,Enterprise,500,200,Null
1670,2025-01-28,Basic,50,30,Null
1671,2024-09-19,Basic,50,30,Null
1672,2024-08-19,Basic,50,30,2024-09-25
1673,2025-03-10,Enterprise,500,200,Null
1674,2024-02-07,Pro,200,100,Null
1675,2024-07-05,Pro,200,100,Null
1676,2024-07-18,Enterprise,500,200,Null
1677,2024-04-18,Basic,50,30,Null
1678,2024-02-08,Enterprise,500,200,Null
1679,2025-02-27,Basic,50,30,Null
1680,2025-03-23,Pro,200,100,Null
1681,2024-12-10,Enterprise,500,200,Null
1682,2024-04-04,Basic,50,30,Null
1683,2024-03-06,Pro,200,100,2025-06-14
1684,2025-05-05,Enterprise,500,200,Null
1685,2024-09-13,Pro,200,100,Null
1686,2024-04-19,Basic,50,30,2025-04-21
1687,2024-04-29,Enterprise,500,200,Null
1688,2024-12-23,Basic,50,30,Null
1689,2025-02-13,Basic,50,30,Null
1690,2024-06-21,Pro,200,100,Null
1691,2024-09-29,Enterprise,500,200,Null
1692,2024-08-06,Pro,200,100,Null
1693,2025-06-05,Basic,50,30,Null
1694,2025-03-19,Pro,200,100,Null
1695,2024-10-08,Pro,200,100,Null
1696,2025-02-12,Enterprise,500,200,Null
1697,2025-04-24,Basic,50,30,2025-06-13
1698,2025-06-11,Pro,200,100,Null
1699,2024-01-07,Pro,200,100,Null
1700,2025-06-30,Basic,50,30,Null
1701,2024-09-12,Basic,50,30,Null
1702,2024-12-07,Enterprise,500,200,Null
1703,2024-10-24,Basic,50,30,Null
1704,2025-01-30,Basic,50,30,Null
1705,2025-04-16,Pro,200,100,Null
1706,2024-07-17,Enterprise,500,200,Null
1707,2025-03-04,Enterprise,500,200,Null
1708,2024-03-05,Basic,50,30,Null
1709,2024-07-11,Pro,200,100,2025-03-10
1710,2024-04-16,Basic,50,30,Null
1711,2025-03-07,Basic,50,30,Null
1712,2025-06-10,Basic,50,30,Null
1713,2024-09-01,Enterprise,500,200,2024-10-05
1714,2024-07-24,Enterprise,500,200,2024-09-03
1715,2024-06-07,Enterprise,500,200,Null
1716,2024-07-31,Basic,50,30,Null
1717,2025-06-16,Basic,50,30,2025-06-30
1718,2025-02-16,Basic,50,30,Null
1719,2025-01-31,Pro,200,100,Null
1720,2024-11-30,Basic,50,30,Null
1721,2024-10-28,Basic,50,30,2025-04-03
1722,2024-08-15,Enterprise,500,200,Null
1723,2024-01-03,Enterprise,500,200,Null
1724,2024-11-20,Enterprise,500,200,2025-04-02
1725,2025-06-29,Enterprise,500,200,Null
1726,2025-03-01,Basic,50,30,2025-04-30
1727,2025-01-18,Pro,200,100,2025-06-22
1728,2025-06-25,Enterprise,500,200,Null
1729,2025-05-08,Enterprise,500,200,Null
1730,2024-07-15,Enterprise,500,200,Null
1731,2024-03-05,Enterprise,500,200,Null
1732,2025-01-02,Enterprise,500,200,Null
1733,2024-03-29,Pro,200,100,Null
1734,2024-01-30,Pro,200,100,Null
1735,2025-05-05,Basic,50,30,Null
1736,2024-12-18,Enterprise,500,200,2025-02-25
1737,2024-06-05,Pro,200,100,2024-10-09
1738,2024-02-22,Pro,200,100,Null
1739,2024-08-12,Pro,200,100,Null
1740,2025-02-10,Enterprise,500,200,Null
1741,2024-03-10,Enterprise,500,200,Null
1742,2024-01-11,Pro,200,100,Null
1743,2025-02-21,Enterprise,500,200,Null
1744,2025-05-24,Basic,50,30,Null
1745,2024-02-27,Basic,50,30,Null
1746,2024-05-28,Basic,50,30,Null
1747,2024-05-09,Pro,200,100,2024-07-21
1748,2024-02-04,Pro,200,100,Null
1749,2025-04-22,Pro,200,100,Null
1750,2024-10-24,Enterprise,500,200,2025-05-10
1751,2024-06-23,Basic,50,30,Null
1752,2024-08-20,Basic,50,30,Null
1753,2024-09-26,Pro,200,100,Null
1754,2025-03-05,Basic,50,30,Null
1755,2024-03-28,Enterprise,500,200,Null
1756,2024-03-07,Pro,200,100,Null
1757,2024-05-03,Basic,50,30,Null
1758,2024-04-25,Basic,50,30,Null
1759,2024-05-05,Pro,200,100,2024-12-13
1760,2024-12-23,Basic,50,30,Null
1761,2024-11-27,Basic,50,30,Null
1762,2024-05-25,Basic,50,30,Null
1763,2024-07-12,Pro,200,100,Null
1764,2024-12-04,Enterprise,500,200,2025-01-10
1765,2024-06-16,Basic,50,30,2024-12-02
1766,2025-03-27,Basic,50,30,Null
1767,2024-12-31,Pro,200,100,2025-04-09
1768,2025-06-22,Pro,200,100,2025-06-30
1769,2025-06-19,Enterprise,500,200,Null
1770,2024-05-05,Pro,200,100,Null
1771,2024-07-10,Enterprise,500,200,Null
1772,2025-06-27,Enterprise,500,200,Null
1773,2024-08-26,Basic,50,30,Null
1774,2024-10-29,Basic,50,30,Null
1775,2024-05-20,Pro,200,100,Null
1776,2025-02-02,Enterprise,500,200,Null
1777,2024-01-06,Basic,50,30,Null
1778,2024-01-09,Basic,50,30,Null
1779,2024-11-09,Basic,50,30,Null
1780,2024-08-24,Basic,50,30,Null
1781,2024-04-20,Basic,50,30,Null
1782,2025-04-24,Pro,200,100,Null
1783,2024-09-26,Pro,200,100,Null
1784,2024-10-29,Pro,200,100,Null
1785,2024-10-07,Basic,50,30,Null
1786,2024-06-30,Enterprise,500,200,Null
1787,2024-04-02,Enterprise,500,200,Null
1788,2025-04-03,Pro,200,100,Null
1789,2025-02-21,Enterprise,500,200,Null
1790,2024-12-08,Pro,200,100,Null
1791,2025-05-24,Pro,200,100,2025-06-23
1792,2024-10-16,Basic,50,30,Null
1793,2024-02-03,Basic,50,30,Null
1794,2024-09-29,Enterprise,500,200,Null
1795,2024-09-10,Enterprise,500,200,Null
1796,2024-03-13,Basic,50,30,Null
1797,2025-03-07,Basic,50,30,Null
1798,2024-10-27,Enterprise,500,200,Null
1799,2024-10-24,Basic,50,30,Null
1800,2025-03-27,Pro,200,100,Null
1801,2025-03-04,Enterprise,500,200,Null
1802,2025-02-01,Enterprise,500,200,Null
1803,2024-02-25,Enterprise,500,200,Null
1804,2025-01-04,Basic,50,30,Null
1805,2024-10-21,Pro,200,100,Null
1806,2024-12-16,Enterprise,500,200,2025-03-18
1807,2024-12-06,Basic,50,30,2025-03-13
1808,2024-11-04,Enterprise,500,200,Null
1809,2025-06-23,Pro,200,100,Null
1810,2024-12-17,Enterprise,500,200,2025-03-23
1811,2025-02-27,Enterprise,500,200,Null
1812,2024-10-20,Pro,200,100,Null
1813,2024-12-01,Basic,50,30,Null
1814,2024-09-16,Basic,50,30,Null
1815,2024-02-20,Pro,200,100,Null
1816,2024-03-27,Pro,200,100,Null
1817,2024-04-21,Enterprise,500,200,2024-05-26
1818,2025-01-28,Enterprise,500,200,Null
1819,2024-09-24,Pro,200,100,Null
1820,2024-02-14,Pro,200,100,Null
1821,2024-08-31,Basic,50,30,Null
1822,2025-02-05,Basic,50,30,2025-03-24
1823,2025-05-06,Pro,200,100,Null
1824,2025-05-16,Pro,200,100,2025-06-15
1825,2025-04-11,Pro,200,100,Null
1826,2025-05-17,Enterprise,500,200,Null
1827,2024-08-11,Enterprise,500,200,Null
1828,2025-06-18,Pro,200,100,Null
1829,2024-06-12,Enterprise,500,200,Null
1830,2024-11-01,Enterprise,500,200,Null
1831,2024-01-13,Pro,200,100,Null
1832,2025-02-16,Enterprise,500,200,Null
1833,2024-07-25,Pro,200,100,Null
1834,2025-03-04,Pro,200,100,2025-06-02
1835,2024-04-06,Basic,50,30,Null
1836,2025-01-10,Enterprise,500,200,Null
1837,2025-01-01,Enterprise,500,200,Null
1838,2024-10-31,Pro,200,100,Null
1839,2025-03-26,Basic,50,30,Null
1840,2025-05-28,Basic,50,30,Null
1841,2025-01-20,Enterprise,500,200,Null
1842,2024-06-17,Basic,50,30,Null
1843,2024-02-27,Pro,200,100,Null
1844,2024-02-10,Basic,50,30,2025-03-12
1845,2024-01-08,Basic,50,30,Null
1846,2024-09-26,Enterprise,500,200,Null
1847,2025-06-27,Enterprise,500,200,Null
1848,2025-03-19,Basic,50,30,Null
1849,2024-11-15,Basic,50,30,Null
1850,2024-01-09,Pro,200,100,Null
1851,2024-01-11,Pro,200,100,Null
1852,2025-05-20,Enterprise,500,200,Null
1853,2024-05-14,Pro,200,100,Null
1854,2025-05-21,Pro,200,100,Null
1855,2025-06-10,Pro,200,100,Null
1856,2025-03-13,Basic,50,30,Null
1857,2024-12-30,Pro,200,100,Null
1858,2024-03-28,Pro,200,100,Null
1859,2024-03-22,Pro,200,100,Null
1860,2024-11-01,Basic,50,30,Null
1861,2025-03-05,Pro,200,100,Null
1862,2024-10-12,Enterprise,500,200,Null
1863,2024-05-22,Basic,50,30,Null
1864,2024-08-04,Pro,200,100,Null
1865,2024-04-08,Pro,200,100,Null
1866,2024-07-30,Pro,200,100,Null
1867,2024-05-04,Pro,200,100,Null
1868,2025-06-22,Pro,200,100,Null
1869,2024-05-21,Basic,50,30,Null
1870,2024-07-23,Pro,200,100,Null
1871,2025-04-22,Pro,200,100,Null
1872,2024-09-23,Basic,50,30,Null
1873,2024-02-24,Basic,50,30,Null
1874,2025-01-05,Basic,50,30,Null
1875,2024-02-05,Pro,200,100,Null
1876,2024-12-05,Basic,50,30,2025-05-13
1877,2025-01-28,Pro,200,100,Null
1878,2024-11-26,Pro,200,100,Null
1879,2024-11-13,Basic,50,30,Null
1880,2025-03-09,Pro,200,100,Null
1881,2024-11-19,Basic,50,30,Null
1882,2024-08-10,Enterprise,500,200,Null
1883,2025-02-16,Basic,50,30,2025-04-07
1884,2024-12-20,Pro,200,100,Null
1885,2024-06-26,Pro,200,100,Null
1886,2025-01-30,Basic,50,30,Null
1887,2024-06-20,Basic,50,30,Null
1888,2025-01-01,Pro,200,100,Null
1889,2024-01-15,Basic,50,30,2024-10-29
1890,2024-11-24,Pro,200,100,Null
1891,2025-03-30,Basic,50,30,Null
1892,2025-06-11,Basic,50,30,Null
1893,2024-07-25,Basic,50,30,Null
1894,2024-09-13,Basic,50,30,Null
1895,2024-10-24,Pro,200,100,Null
1896,2025-03-01,Basic,50,30,2025-06-07
1897,2024-08-14,Basic,50,30,Null
1898,2025-01-04,Basic,50,30,Null
1899,2024-01-29,Pro,200,100,2025-01-24
1900,2025-03-13,Basic,50,30,2025-05-05
1901,2025-03-17,Enterprise,500,200,Null
1902,2024-07-20,Enterprise,500,200,Null
1903,2024-07-22,Basic,50,30,Null
1904,2024-07-30,Basic,50,30,Null
1905,2024-11-06,Enterprise,500,200,Null
1906,2024-09-06,Enterprise,500,200,Null
1907,2024-11-26,Basic,50,30,Null
1908,2025-06-29,Enterprise,500,200,Null
1909,2024-10-07,Pro,200,100,Null
1910,2024-03-16,Pro,200,100,Null
1911,2024-11-15,Pro,200,100,Null
1912,2024-09-20,Basic,50,30,Null
1913,2024-03-24,Enterprise,500,200,Null
1914,2025-05-31,Enterprise,500,200,Null
1915,2024-11-27,Pro,200,100,Null
1916,2024-10-27,Basic,50,30,Null
1917,2025-02-09,Basic,50,30,Null
1918,2024-06-22,Pro,200,100,2024-12-13
1919,2024-03-09,Basic,50,30,Null
1920,2024-04-11,Pro,200,100,Null
1921,2024-10-29,Enterprise,500,200,Null
1922,2024-05-16,Enterprise,500,200,Null
1923,2025-06-23,Basic,50,30,Null
1924,2024-10-26,Basic,50,30,2025-06-20
1925,2024-03-01,Basic,50,30,Null
1926,2024-01-07,Enterprise,500,200,Null
1927,2024-05-28,Pro,200,100,Null
1928,2025-03-07,Basic,50,30,Null
1929,2024-09-13,Enterprise,500,200,2024-11-18
1930,2024-11-03,Basic,50,30,Null
1931,2024-10-28,Basic,50,30,Null
1932,2024-01-23,Pro,200,100,Null
1933,2024-10-30,Basic,50,30,Null
1934,2025-02-27,Pro,200,100,Null
1935,2024-03-19,Pro,200,100,Null
1936,2025-01-13,Basic,50,30,Null
1937,2024-08-17,Enterprise,500,200,Null
1938,2024-05-09,Basic,50,30,Null
1939,2024-01-22,Basic,50,30,Null
1940,2024-05-28,Basic,50,30,Null
1941,2025-03-23,Basic,50,30,Null
1942,2025-06-21,Basic,50,30,Null
1943,2025-03-17,Pro,200,100,Null
1944,2024-08-31,Enterprise,500,200,Null
1945,2025-04-05,Pro,200,100,Null
1946,2025-06-25,Pro,200,100,Null
1947,2024-04-27,Basic,50,30,Null
1948,2024-12-16,Basic,50,30,Null
1949,2024-06-14,Pro,200,100,Null
1950,2024-04-14,Pro,200,100,Null
1951,2024-05-13,Basic,50,30,2024-11-02
1952,2024-04-15,Pro,200,100,Null
1953,2025-06-20,Basic,50,30,2025-06-30
1954,2024-10-16,Enterprise,500,200,Null
1955,2025-01-12,Pro,200,100,Null
1956,2025-05-11,Basic,50,30,Null
1957,2025-04-13,Pro,200,100,Null
1958,2024-03-22,Enterprise,500,200,Null
1959,2024-07-14,Basic,50,30,Null
1960,2024-01-15,Enterprise,500,200,Null
1961,2024-11-27,Pro,200,100,Null
1962,2024-01-05,Pro,200,100,Null
1963,2024-06-06,Enterprise,500,200,Null
1964,2025-05-21,Enterprise,500,200,Null
1965,2024-01-24,Basic,50,30,2025-06-15
1966,2024-01-22,Pro,200,100,Null
1967,2024-12-11,Pro,200,100,Null
1968,2025-02-15,Enterprise,500,200,Null
1969,2025-03-15,Basic,50,30,Null
1970,2024-12-10,Pro,200,100,2025-06-21
1971,2025-04-05,Enterprise,500,200,Null
1972,2024-11-15,Pro,200,100,Null
1973,2024-09-25,Basic,50,30,Null
1974,2024-10-05,Enterprise,500,200,Null
1975,2024-02-16,Basic,50,30,2024-07-13
1976,2024-09-21,Pro,200,100,Null
1977,2024-09-10,Basic,50,30,Null
1978,2025-05-12,Enterprise,500,200,Null
1979,2025-04-21,Basic,50,30,Null
1980,2025-05-07,Pro,200,100,Null
1981,2024-08-05,Enterprise,500,200,Null
1982,2024-06-19,Basic,50,30,2025-05-22
1983,2024-03-13,Basic,50,30,Null
1984,2024-04-06,Enterprise,500,200,Null
1985,2024-03-29,Basic,50,30,Null
1986,2024-06-17,Enterprise,500,200,2024-11-16
1987,2024-03-30,Enterprise,500,200,Null
1988,2024-11-29,Enterprise,500,200,2025-03-28
1989,2024-08-24,Basic,50,30,Null
1990,2025-04-25,Basic,50,30,Null
1991,2024-11-10,Pro,200,100,Null
1992,2024-05-23,Pro,200,100,Null
1993,2024-06-19,Pro,200,100,Null
1994,2024-01-04,Basic,50,30,Null
1995,2024-01-23,Pro,200,100,Null
1996,2025-02-18,Pro,200,100,Null
1997,2025-02-12,Pro,200,100,Null
1998,2024-01-13,Basic,50,30,Null
1999,2025-04-08,Enterprise,500,200,2025-06-05
2000,2024-07-24,Pro,200,100,Null
